campaign_name,send_datetime,status,year,type
11.19.24 - [RESEND] BFCM Reminder #7_Seen In The News (US),2024-11-20 01:00:00+00:00,Sent,2024,actual
11.19.24 - [RESEND] BFCM Reminder #7_Seen In The News (EU),2024-11-20 01:00:00+00:00,Sent,2024,actual
11.19.24 - [RESEND] BFCM Reminder #7_Seen In The News (UK),2024-11-20 01:00:00+00:00,Sent,2024,actual
11.19.24 - [RESEND] BFCM Reminder #7_Seen In The News (CA),2024-11-20 01:00:00+00:00,Sent,2024,actual
11.20.24 - BFCM Reminder #8_Bundles (UK),2024-11-20 10:00:00+00:00,Sent,2024,actual
11.20.24 - BFCM Reminder #8_Bundles (EU),2024-11-20 10:00:00+00:00,Sent,2024,actual
11.20.24 - BFCM Reminder #8_Bundles (US),2024-11-20 15:00:00+00:00,Sent,2024,actual
11.20.24 - BFCM Reminder #8_Bundles (CA),2024-11-20 15:00:00+00:00,Sent,2024,actual
11.20.24 - [RESEND] BFCM Reminder #8_Bundles (US),2024-11-20 23:00:00+00:00,Sent,2024,actual
11.21.24 - BFCM Reminder #9_Product Urgency (EU),2024-11-21 10:00:00+00:00,Sent,2024,actual
11.21.24 - BFCM Reminder #9_Product Urgency (UK),2024-11-21 10:00:00+00:00,Sent,2024,actual
11.21.24 - BFCM Reminder #9_Product Urgency (CA),2024-11-21 15:00:00+00:00,Sent,2024,actual
11.21.24 - BFCM Reminder #9_Product Urgency (US),2024-11-21 15:00:00+00:00,Sent,2024,actual
11.22.24 - BFCM Reminder #10_Selfcare Lineup (UK),2024-11-22 10:00:00+00:00,Sent,2024,actual
11.22.24 - BFCM Reminder #10_Selfcare Lineup (EU),2024-11-22 10:00:00+00:00,Sent,2024,actual
11.22.24 - BFCM Reminder #10_Selfcare Lineup (CA),2024-11-22 15:00:00+00:00,Sent,2024,actual
11.22.24 - BFCM Reminder #10_Selfcare Lineup (US),2024-11-22 15:00:00+00:00,Sent,2024,actual
11.12.22 - [RESEND] BFCM Reminder #2_Wellness pioneers (US),2024-11-23 00:00:00+00:00,Sent,2024,actual
11.23.24 - Red Light Therapy (UK),2024-11-23 10:00:00+00:00,Sent,2024,actual
11.23.24 - Red Light Therapy (EU),2024-11-23 10:00:00+00:00,Sent,2024,actual
11.23.24 - Red Light Therapy (CA),2024-11-23 15:00:00+00:00,Sent,2024,actual
11.23.24 - Red Light Therapy (US),2024-11-23 15:00:00+00:00,Sent,2024,actual
11.24.24 - [RESEND] BFCM Reminder_Shop By Goal (US),2024-11-24 17:00:00+00:00,Sent,2024,actual
11.25.24 - BFCM Week_Gift guide personas (UK),2024-11-25 10:00:00+00:00,Sent,2024,actual
11.25.24 - BFCM Week_Gift guide personas (EU),2024-11-25 10:00:00+00:00,Sent,2024,actual
11.25.24 - BFCM Week_Gift guide personas (US),2024-11-25 15:00:00+00:00,Sent,2024,actual
11.25.24 - BFCM Week_Gift guide personas (CA),2024-11-25 15:00:00+00:00,Sent,2024,actual
11.25.24 - [RESEND] BFCM Reminder #9_Product Urgency (US) (clone),2024-11-26 01:00:00+00:00,Sent,2024,actual
11.26.24 - BFCM Week Reminder #1_UGC Content (EU),2024-11-26 12:00:00+00:00,Sent,2024,actual
11.26.24 - BFCM Week Reminder #1_UGC Content (UK),2024-11-26 12:00:00+00:00,Sent,2024,actual
11.26.24 - BFCM Week Reminder #1_UGC Content (US),2024-11-26 17:00:00+00:00,Sent,2024,actual
11.26.24 - BFCM Week Reminder #1_UGC Content (CA),2024-11-26 17:00:00+00:00,Sent,2024,actual
11.26.24 - [RESEND] BFCM Reminder #10_Selfcare Lineup (US),2024-11-26 23:00:00+00:00,Sent,2024,actual
11.27.24 - How to Reduce Stress During the Holidays (UK),2024-11-27 10:00:00+00:00,Sent,2024,actual
11.27.24 - How to Reduce Stress During the Holidays (EU),2024-11-27 10:00:00+00:00,Sent,2024,actual
11.27.24 - How to Reduce Stress During the Holidays (CA),2024-11-27 15:00:00+00:00,Sent,2024,actual
11.27.24 - How to Reduce Stress During the Holidays (US),2024-11-27 15:00:00+00:00,Sent,2024,actual
11.27.24 - [RESEND] BFCM Week Reminder #1_UGC Content (US),2024-11-28 01:00:00+00:00,Sent,2024,actual
11.28.24 - Thanksgiving (UK),2024-11-28 10:00:00+00:00,Sent,2024,actual
11.28.24 - Thanksgiving (EU),2024-11-28 10:00:00+00:00,Sent,2024,actual
11.28.24 - Thanksgiving (CA),2024-11-28 15:00:00+00:00,Sent,2024,actual
11.28.24 - Thanksgiving (US),2024-11-28 15:00:00+00:00,Sent,2024,actual
11.29.24 - Black Friday - AM (UK),2024-11-29 10:00:00+00:00,Sent,2024,actual
11.29.24 - Black Friday - AM (EU),2024-11-29 10:00:00+00:00,Sent,2024,actual
11.29.24 - Black Friday - AM (CA),2024-11-29 15:00:00+00:00,Sent,2024,actual
11.29.24 - Black Friday - AM  (US),2024-11-29 15:00:00+00:00,Sent,2024,actual
11.29.24 - Black Friday - PM (EU),2024-11-29 18:00:00+00:00,Sent,2024,actual
11.29.24 - Black Friday - PM (UK),2024-11-29 18:00:00+00:00,Sent,2024,actual
11.29.24 - Black Friday - PM (CA),2024-11-29 23:00:00+00:00,Sent,2024,actual
11.29.24 - Black Friday - PM (US),2024-11-29 23:00:00+00:00,Sent,2024,actual
11.30.24 - Black Friday Weekend (UK),2024-11-30 10:00:00+00:00,Sent,2024,actual
11.30.24 - Black Friday Weekend (EU),2024-11-30 10:00:00+00:00,Sent,2024,actual
11.30.24 - Black Friday Weekend (CA),2024-11-30 15:00:00+00:00,Sent,2024,actual
11.30.24 - Black Friday Weekend  (US),2024-11-30 15:00:00+00:00,Sent,2024,actual
11.30.24 -[RESEND] Black Friday Weekend  (US),2024-11-30 23:00:00+00:00,Sent,2024,actual
12.01.24 - Black Friday Final Hours - AM (EU),2024-12-01 10:00:00+00:00,Sent,2024,actual
12.01.24 - Black Friday Final Hours - AM (UK),2024-12-01 10:00:00+00:00,Sent,2024,actual
12.01.24 - Black Friday Final Hours - AM (US),2024-12-01 15:00:00+00:00,Sent,2024,actual
12.01.24 - Black Friday Final Hours - AM (CA),2024-12-01 15:00:00+00:00,Sent,2024,actual
12.01.24 - [RESEND] Black Friday Final Hours - AM (US),2024-12-02 01:30:00+00:00,Sent,2024,actual
12.02.24 - Higher Dose- Cyber Monday (UK),2024-12-02 10:00:00+00:00,Sent,2024,actual
12.02.24 - Higher Dose- Cyber Monday (EU),2024-12-02 10:00:00+00:00,Sent,2024,actual
12.02.24 - Higher Dose- Cyber Monday (US),2024-12-02 15:00:00+00:00,Sent,2024,actual
12.02.24 - Higher Dose- Cyber Monday (CA),2024-12-02 15:00:00+00:00,Sent,2024,actual
12.02.24 - Higher Dose- Cyber Monday - PM (EU),2024-12-02 18:00:00+00:00,Sent,2024,actual
12.02.24 - Higher Dose- Cyber Monday - PM (UK),2024-12-02 18:00:00+00:00,Sent,2024,actual
12.02.24 - Higher Dose- Cyber Monday - PM (US),2024-12-02 23:00:00+00:00,Sent,2024,actual
12.02.24 - Higher Dose- Cyber Monday - PM (CA),2024-12-02 23:00:00+00:00,Sent,2024,actual
12.03.24 - BFCM Savings Extended (EU),2024-12-03 10:00:00+00:00,Sent,2024,actual
12.03.24 - BFCM Savings Extended (UK),2024-12-03 10:00:00+00:00,Sent,2024,actual
12.03.24 - BFCM Savings Extended (US),2024-12-03 15:00:00+00:00,Sent,2024,actual
12.03.24 - BFCM Savings Extended (CA),2024-12-03 15:00:00+00:00,Sent,2024,actual
12.03.24 - BFCM Savings Extended [PM] (UK),2024-12-03 18:00:00+00:00,Sent,2024,actual
12.03.24 - BFCM Savings Extended [PM] (EU),2024-12-03 18:00:00+00:00,Sent,2024,actual
12.03.24 - BFCM Savings Extended [PM] (CA),2024-12-03 23:00:00+00:00,Sent,2024,actual
12.03.24 - BFCM Savings Extended [PM] (US),2024-12-03 23:00:00+00:00,Sent,2024,actual
12.04.24 - Hyperice Bundles,2024-12-04 19:00:00+00:00,Sent,2024,actual
12.05.24 - Before & After Transformations // BFCM Sale Extended (UK),2024-12-05 10:00:00+00:00,Sent,2024,actual
12.05.24 - Before & After Transformations // BFCM Sale Extended (EU),2024-12-05 10:00:00+00:00,Sent,2024,actual
12.05.24 - Before & After Transformations // BFCM Sale Extended (US),2024-12-05 15:00:00+00:00,Sent,2024,actual
12.05.24 - Before & After Transformations // BFCM Sale Extended (CA),2024-12-05 15:00:00+00:00,Sent,2024,actual
12.06.24 - Gift Guide pt. 2 w/ Holiday Savings (UK),2024-12-06 10:00:00+00:00,Sent,2024,actual
12.06.24 - Gift Guide pt. 2 w/ Holiday Savings (EU),2024-12-06 10:00:00+00:00,Sent,2024,actual
12.06.24 - Gift Guide pt. 2 w/ Holiday Savings (CA),2024-12-06 15:00:00+00:00,Sent,2024,actual
12.06.24 - Gift Guide pt. 2 w/ Holiday Savings (US),2024-12-06 15:00:00+00:00,Sent,2024,actual
12.08.24 - Final Hours for BFCM Savings - AM (EU),2024-12-08 10:00:00+00:00,Sent,2024,actual
12.08.24 - Final Hours for BFCM Savings - AM (UK),2024-12-08 10:00:00+00:00,Sent,2024,actual
12.08.24 - Final Hours for BFCM Savings - AM (US),2024-12-08 15:00:00+00:00,Sent,2024,actual
12.08.24 - Final Hours for BFCM Savings - AM (CA),2024-12-08 15:00:00+00:00,Sent,2024,actual
12.08.24 - Final Hours for BFCM Savings - PM (EU),2024-12-08 18:00:00+00:00,Sent,2024,actual
12.08.24 - Final Hours for BFCM Savings - PM (UK),2024-12-08 18:00:00+00:00,Sent,2024,actual
12.08.24 - Final Hours for BFCM Savings - PM (US),2024-12-08 23:00:00+00:00,Sent,2024,actual
12.08.24 - Final Hours for BFCM Savings - PM (CA),2024-12-08 23:00:00+00:00,Sent,2024,actual
12.09.24 - Holiday Sale Starts (UK),2024-12-09 10:00:00+00:00,Sent,2024,actual
12.09.24 - Holiday Sale Starts (EU),2024-12-09 10:00:00+00:00,Sent,2024,actual
12.09.24 - Holiday Sale Starts (CA),2024-12-09 15:00:00+00:00,Sent,2024,actual
12.09.24 - Holiday Sale Starts (US),2024-12-09 15:00:00+00:00,Sent,2024,actual
